title,url,url_mobile,social_image,published_date,domain,source_country,language,scraped_status,full_text,ingested_at
"Open AI , Microsoft face lawsuit over ChatGPT alleged role in Connecticut murder - suicide",https://www.wdrb.com/news/national/open-ai-microsoft-face-lawsuit-over-chatgpts-alleged-role-in-connecticut-murder-suicide/article_bd201ebe-c4d3-5d5d-b057-4f5dcd6c336c.html,,https://bloximages.newyork1.vip.townnews.com/wdrb.com/content/tncms/assets/v3/editorial/0/6c/06ce9498-f3fc-11ed-a2c8-231560f699a1/64639d5e14454.image.png?crop=1000%2C525%2C0%2C71,20251211T120000Z,wdrb.com,United States,English,pending,,2025-12-11T12:23:41.139864
Analysis : What are the causes of recent record - high global temperatures ? ,https://www.carbonbrief.org/analysis-what-are-the-causes-of-recent-record-high-global-temperatures/,,https://www.carbonbrief.org/wp-content/uploads/2025/12/GG7360.jpg,20251211T120000Z,carbonbrief.org,United Kingdom,English,pending,,2025-12-11T12:23:41.139864
House approves defense bill including pay hike for troops | The Arkansas Democrat - Gazette,https://www.arkansasonline.com/news/2025/dec/11/house-approves-defense-bill-including-pay-hike/,,https://wehco.media.clients.ellingtoncms.com/imports/adg/photos/211738354_211735630-2852e8641887469d85f6eefe76052c90_t1200.jpg?57a0c2296240c280e9492005c3cad63e7cbe80f4,20251211T120000Z,arkansasonline.com,United States,English,pending,,2025-12-11T12:23:41.140864
Games Workshop Has Finally Learned Its Lesson,https://gizmodo.com/warhammer-40k-horus-heresy-end-of-ruin-print-on-demand-2000698175,,https://gizmodo.com/app/uploads/2025/12/games-workshop-horus-heresy-the-scouring-dorn-calgar-1200x675.jpg,20251211T120000Z,gizmodo.com,United States,English,pending,,2025-12-11T12:23:41.141864
Gulf of Mexico lease sale sees $279M in bids | The Arkansas Democrat - Gazette,https://www.arkansasonline.com/news/2025/dec/11/gulf-of-mexico-lease-sale-sees-279m-in-bids/,,https://wehco.media.clients.ellingtoncms.com/imports/adg/photos/211737330_211736189-ae2c4e9485bf4be6bd5c3789f5078dd0_t1200.jpg?57a0c2296240c280e9492005c3cad63e7cbe80f4,20251211T120000Z,arkansasonline.com,United States,English,pending,,2025-12-11T12:23:41.143862
Science Drives Policy : Research Gains Relevance in Society,https://www.miragenews.com/science-drives-policy-research-gains-relevance-1588111/,,https://www.universiteitleiden.nl/binaries/content/gallery/ul2/main-images/science/nieuws/2025/12/taherzade-oliver-cml.jpg/taherzade-oliver-cml.jpg/d185xvar,20251211T120000Z,miragenews.com,United States,English,pending,,2025-12-11T12:23:41.144863
EPA website rewrite | EU  agree 90 % target | Exxon to  slash  low - carbon spend,https://www.carbonbrief.org/daily-brief/epa-website-rewrite-eu-agrees-90-target-exxon-to-slash-low-carbon-spend/,,,20251211T120000Z,carbonbrief.org,United Kingdom,English,pending,,2025-12-11T12:23:41.147863
Author Frederick David Haase New Book  INFRASTRUCTUREthebook . com  is a Fascinating Read That Proposes Using Technology and Knowledge to Solve Climate and Social Issues,https://www.pr.com/press-release/955505,,https://img.pr.com/o1200/release/2512/518319/pressrelease_518319_1764945705.jpeg,20251211T120000Z,pr.com,United States,English,pending,,2025-12-11T12:23:41.152862
"Net - zero scenario is  cheapest option  for united kingdom , says energy system operator",https://www.carbonbrief.org/net-zero-scenario-is-cheapest-option-for-uk-says-energy-system-operator/,,https://www.carbonbrief.org/wp-content/uploads/2025/12/2PGKX9Y.jpg,20251211T120000Z,carbonbrief.org,United Kingdom,English,pending,,2025-12-11T12:23:41.156863
Lawsuit : ChatGPT Fueled Man Delusions Before He Killed Mother,https://www.wxii12.com/article/openai-microsoft-sued-wrongful-death-chatgpt/69695907,,"https://kubrick.htvapps.com/htv-prod-media.s3.amazonaws.com/images/ap2693aaac948267.jpg?crop=1.00xw:0.846xh;0,0",20251211T120000Z,wxii12.com,United States,English,pending,,2025-12-11T12:23:41.159862
Tens of thousands in Washington state could face evacuations as rain continues to pound the region,https://www.aol.com/articles/tens-thousands-washington-could-face-062428464.html,,https://s.yimg.com/ny/api/res/1.2/cBca2fzjrzWv3r24B8KIkA--/YXBwaWQ9aGlnaGxhbmRlcjt3PTEyMDA7aD04MDA-/https://media.zenfs.com/en/ap.org/41945eb01150a306cf08ee1ef2a423c4,20251211T120000Z,aol.com,United States,English,pending,,2025-12-11T12:23:41.164862
When should university leaders speak out or remain silent ? ,https://www.universityworldnews.com/post.php?story=2025121110184389,,https://www.universityworldnews.com/images/uwn-ball-320.png,20251211T114500Z,universityworldnews.com,United States,English,pending,,2025-12-11T12:23:41.167862
7 moments of Asian American and Black American solidarity,"http://www.morningsun.net/premium/stacker/stories/7-moments-of-asian-american-and-black-american-solidarity,285601",,https://images.stacker.com/s/720/1280/00FDFAA1XN00_0_0.jpeg,20251211T114500Z,morningsun.net,United States,English,pending,,2025-12-11T12:23:41.171863
The regulatory future for sole trustees,https://www.actuarialpost.co.uk/article/the-regulatory-future-for-sole-trustees-26053.htm,,,20251211T114500Z,actuarialpost.co.uk,United Kingdom,English,pending,,2025-12-11T12:23:41.173862
The World Must Stop Ignoring What Iranians Already Know : The Regime Is on the Brink,https://redstate.com/john-bercow/2025/12/11/the-world-must-stop-ignoring-what-iranians-already-know-the-regime-is-on-the-brink-n2197013,,https://media.townhall.com/cdn/hodl/2025/323/4ff56a5e-27cd-4e5a-a03e-0586ea1e3483.jpg,20251211T114500Z,redstate.com,United States,English,pending,,2025-12-11T12:23:41.179863
  On bear patrol : inside Japan fightback against a surge of deadly bear attacks,https://www.cnn.com/2025/12/11/asia/japan-surge-bear-attacks-intl-hnk-dst,,"https://media.cnn.com/api/v1/images/stellar/prod/01-japan-bears-bear-walking.jpg?c=16x9&q=w_800,c_fill",20251211T114500Z,cnn.com,United States,English,pending,,2025-12-11T12:23:41.185865
Generations divided over Autumn Budget,https://www.actuarialpost.co.uk/article/generations-divided-over-autumn-budget-26055.htm,,,20251211T114500Z,actuarialpost.co.uk,United Kingdom,English,pending,,2025-12-11T12:23:41.188863
Global Crop Insurance Market to Hit USD 81 . 86 Billion by 2035 amid Rising Climate Risks,https://www.briefingwire.com/pr/global-crop-insurance-market-to-hit-usd-8186-billion-by-2035-amid-rising-climate-risks,,,20251211T114500Z,briefingwire.com,United States,English,pending,,2025-12-11T12:23:41.194862
NSTA Launches 2nd united kingdom Carbon Storage Licensing Round,https://www.rigzone.com/news/nsta_launches_2nd_uk_carbon_storage_licensing_round-11-dec-2025-182508-article/,,https://images.rigzone.com/images/news/articles/NSTA-Launches-2nd-UK-Carbon-Storage-Licensing-Round-182508-1200x628.png,20251211T113000Z,rigzone.com,United States,English,pending,,2025-12-11T12:23:41.199862
"A Times investigation finds fraud , theft at California county fairs",https://www.latimes.com/california/story/2025-12-11/corruption-california-county-fairs-state-oversight,,https://california-times-brightspot.s3.amazonaws.com/0b/38/458064f24e788eb91890f2232e16/1518317-me-0820-humboldt-county-fair-gem-001.jpg,20251211T113000Z,latimes.com,United States,English,pending,,2025-12-11T12:23:41.206862
FSA and Snowmageddon - AG INFORMATION NETWORK OF THE WEST,https://www.aginfo.net/report/64192/Idaho-Ag-Today/FSA-and-Snowmageddon,,https://www.aginfo.net/Assets/ProgramImages/program_5d7763e9127b1642961019_1920_1080.jpg,20251211T111500Z,aginfo.net,United States,English,pending,,2025-12-11T12:23:41.210862
  The Stolen Queen  is a page - turner,https://www.valleybreeze.com/lifestyle/entertainment/the-stolen-queen-is-a-page-turner/article_cc65974e-20c9-42ae-8af5-5f8dbb17bdc9.html,,https://bloximages.newyork1.vip.townnews.com/valleybreeze.com/content/tncms/assets/v3/editorial/6/83/683632c4-a180-40b1-a10f-9624ab600656/6935d0b5420bb.image.jpg?crop=600%2C315%2C0%2C297,20251211T111500Z,valleybreeze.com,United States,English,pending,,2025-12-11T12:23:41.214862
NTSB warns that defense bill could undermine aviation safety changes after DCA crash,https://www.wqcs.org/2025-12-10/ntsb-warns-that-defense-bill-could-undermine-aviation-safety-changes-after-dca-crash,https://www.wqcs.org/2025-12-10/ntsb-warns-that-defense-bill-could-undermine-aviation-safety-changes-after-dca-crash?_amp=true,http://npr-brightspot.s3.amazonaws.com/50/97/d0a9d6e74cd9b9348ed7051a979d/gettyimages-2227159915.jpg,20251211T111500Z,wqcs.org,United States,English,pending,,2025-12-11T12:23:41.223862
Kansas City only drinking water treatment plant is turning 100 . It may be time to build a backup | KCUR,https://www.kcur.org/health/2025-12-11/kansas-citys-only-drinking-water-treatment-plant-is-turning-100-it-may-be-time-to-build-a-backup,,http://npr-brightspot.s3.amazonaws.com/54/2f/9a8e65fa46b8a0b494668454a5c2/img-3131.jpg,20251211T104500Z,kcur.org,United States,English,pending,,2025-12-11T12:23:41.233862
Money For Nothing,https://www.zerohedge.com/personal-finance/money-nothing,,https://assets.zerohedge.com/s3fs-public/styles/16_9_max_700/public/2025-12/adobe-stock-ubi-universal-basic.jpg?itok=SS2mAhoB,20251211T104500Z,zerohedge.com,United States,English,pending,,2025-12-11T12:23:41.235862
EU Reaches Landmark Deal on New Genomic Techniques to Boost Agri - Food Sector,https://www.isaaa.org/kc/cropbiotechupdate/article/default.asp?ID=21626,,https://www.isaaa.org/kc/cropbiotechupdate/files/images/1210202562809AM.jpg,20251211T103000Z,isaaa.org,United States,English,pending,,2025-12-11T12:23:41.250862
Why are conservationists alarmed about Botswana biggest elephant hunt ? | Wildlife News,https://www.aljazeera.com/news/2025/12/11/why-are-conservationists-alarmed-about-botswanas-biggest-elephant-hunt,https://www.aljazeera.com/amp/news/2025/12/11/why-are-conservationists-alarmed-about-botswanas-biggest-elephant-hunt,https://www.aljazeera.com/wp-content/uploads/2020/03/3aa3de32b55742c78e487d8b7b70d6b2_18.jpeg,20251211T103000Z,aljazeera.com,United States,English,pending,,2025-12-11T12:23:41.260862
BREAKING : The Department of Homeland Security has just signed a $140 million deal to buy a FLEET of Boeing 737s to RAMP UP ICE deportation flights,https://freerepublic.com/focus/f-news/4356889/posts,,,20251211T094500Z,freerepublic.com,United States,English,pending,,2025-12-11T12:23:41.289862
"EU Funds Boost Afghan Livelihoods , Resilience",https://www.miragenews.com/eu-funds-boost-afghan-livelihoods-resilience-1588039/,,https://www.wfp.org/sites/default/files/styles/media_embed/public/2020-11/1%2AF_NwRT7PaKuU8WDBmPtUbA.jpeg?itok=flBWyL7H,20251211T094500Z,miragenews.com,United States,English,pending,,2025-12-11T12:23:41.296863
Triple Long March launches mark record day for Chinese space program,https://www.spacedaily.com/reports/Triple_Long_March_launches_mark_record_day_for_Chinese_space_program_999.html,,https://www.spxdaily.com/images-hg/china-long-march-3b-carrier-rocket-xichang-night-pad-launch-hg.jpg,20251211T094500Z,spacedaily.com,United States,English,pending,,2025-12-11T12:23:41.305862
Indian Army highlights joint humanitarian efforts in Sri Lanka under Operation Sagar Bandhu,http://www.batonrougepost.com/news/278748813/indian-army-highlights-joint-humanitarian-efforts-in-sri-lanka-under-operation-sagar-bandhu,,https://image.chitra.live/api/v1/wps/d854d37/47824193-44ad-49fa-8a68-4b15d520c84c/0/ANI-20251211052552-600x315.jpg,20251211T094500Z,batonrougepost.com,United States,English,pending,,2025-12-11T12:23:41.325863
Joel Mokyr – Banquet speech - NobelPrize . org,https://www.nobelprize.org/prizes/economic-sciences/2025/mokyr/speech/,,https://www.nobelprize.org/uploads/2025/10/fig_ek_25_16x9-1024x576.jpg,20251211T093000Z,nobelprize.org,United States,English,pending,,2025-12-11T12:23:41.332863
Catastrophic flooding could be in store for Washington state,https://www.wgauradio.com/news/national/tens-thousands/TBFKZNOUS455JGUYAH2ZIFLCAE/,https://www.wgauradio.com/news/national/tens-thousands/TBFKZNOUS455JGUYAH2ZIFLCAE/?outputType=amp,https://cmg-cmg-rd-20015-prod.cdn.arcpublishing.com/resizer/v2/https%3A%2F%2Fcloudfront-us-east-1.images.arcpublishing.com%2Fcmg%2FVSAD3WMA4A7JPBYFICTISHKXMU.jpg?auth=c5a3d83dad47e825c630f63274142cf3fc6bbfd26667b19f757cb0feed461a76&smart=true,20251211T091500Z,wgauradio.com,United States,English,pending,,2025-12-11T12:23:41.355862
SRN - US News - Taylorville Daily News,https://taylorvilledailynews.com/local-news/srn-us-news/53a5c96dd7a5ccfa0091e0615f2e1fff,,https://www.srnnews.com/media/2025/12/1765437495785878KbxTzxweIs-apn.jpg?x78784,20251211T091500Z,taylorvilledailynews.com,United States,English,pending,,2025-12-11T12:23:41.361862
"Mystery Theater coming to Froehlich | News , Sports , Jobs",https://www.heraldstaronline.com/news/community/2025/12/mystery-theater-coming-to-froehlichs/,,https://ogden_images.s3.amazonaws.com/www.heraldstaronline.com/images/2025/12/10142331/Mystery-Theater-800x450.jpg,20251211T091500Z,heraldstaronline.com,United States,English,pending,,2025-12-11T12:23:41.370865
Paul Geater : Not impressed with claptrap over mayor delays,https://www.eveningnews24.co.uk/news/25681576.paul-geater-not-impressed-claptrap-mayor-delays/,,https://www.eveningnews24.co.uk/resources/images/20297666.jpg?type=og-image,20251211T091500Z,eveningnews24.co.uk,United Kingdom,English,pending,,2025-12-11T12:23:41.379863
Potential Ysgol Clydau potential closure  deeply concerning  ,https://www.milfordmercury.co.uk/news/25687099.potential-ysgol-clydau-potential-closure-deeply-concerning/,,https://www.milfordmercury.co.uk/resources/images/19507498.jpg?type=og-image,20251211T084500Z,milfordmercury.co.uk,United Kingdom,English,pending,,2025-12-11T12:23:41.389862
Filipino typhoon survivors sue Shell over climate change,https://www.digitaljournal.com/world/filipino-typhoon-survivors-sue-shell-over-climate-change/article,,https://www.digitaljournal.com/wp-content/uploads/2025/12/4fd289b6a5c754a8b1a4a880d49cab249e7647f1.jpg,20251211T084500Z,digitaljournal.com,United States,English,pending,,2025-12-11T12:23:41.397862
A Message for Tomorrow Budget Town Hall : UChicago Hasnt Learned Its Lesson . – Chicago Maroon,https://chicagomaroon.com/49876/viewpoints/op-ed/a-message-for-tomorrows-budget-town-hall-uchicago-hasnt-learned-its-lesson/,,https://chicagomaroon.com/wp-content/uploads/2025/12/apf7-02001r.jpg,20251211T081500Z,chicagomaroon.com,United States,English,pending,,2025-12-11T12:23:41.425863
The Philippines tests  transition credit to cut coal use in novel experiment,https://abcnews.go.com/Business/wireStory/philippines-tests-transition-credits-cut-coal-experiment-128301788,https://abcnews.go.com/amp/Business/wireStory/philippines-tests-transition-credits-cut-coal-experiment-128301788,https://i.abcnewsfe.com/a/c9fd5693-dec1-4b8f-b144-989081634718/wirestory_4d6d22336b86074225bd7ed2833a0f5e_16x9.jpg,20251211T081500Z,abcnews.go.com,United States,English,pending,,2025-12-11T12:23:41.438863
Ranchers switching to virtual fences get help from carbon credit programs,https://www.ksut.org/2025-12-10/ranchers-switching-to-virtual-fences-get-help-from-carbon-credit-programs,https://www.ksut.org/2025-12-10/ranchers-switching-to-virtual-fences-get-help-from-carbon-credit-programs?_amp=true,http://npr-brightspot.s3.amazonaws.com/2f/10/f6f2ab874127a8bc3610d5caf9b5/cattle-herd.jpg,20251211T081500Z,ksut.org,United States,English,pending,,2025-12-11T12:23:41.451862
"Springfield gets a city planner , again - Illinois Times , the capital city weekly source of news , politics , arts , entertainment , culture",https://www.illinoistimes.com/news/springfield-gets-a-city-planner-again/,,https://i0.wp.com/www.illinoistimes.com/wp-content/uploads/2025/12/news01.jpg?fit=1440%2C1340&ssl=1,20251211T081500Z,illinoistimes.com,United States,English,pending,,2025-12-11T12:23:41.476862
The pleasure of not knowing,https://www.spectator.co.uk/article/the-pleasure-of-not-knowing/,,https://www.spectator.co.uk/wp-content/uploads/2025/12/Douglas-iStock-pleasecutout_c0f04b.png,20251211T080000Z,spectator.co.uk,United Kingdom,English,pending,,2025-12-11T12:23:41.482862
Linda Evans is new leader of Carmarthenshire County Council,https://www.southwalesguardian.co.uk/news/25687782.linda-evans-new-leader-carmarthenshire-county-council/,,https://www.southwalesguardian.co.uk/resources/images/20303234.jpg?type=og-image,20251211T080000Z,southwalesguardian.co.uk,United Kingdom,English,pending,,2025-12-11T12:23:41.494864
The Russian NSS,https://www.greanvillepost.com/2025/12/10/the-russian-nss/,,https://www.greanvillepost.com/wp-content/uploads/2020/07/Warandpeace5blueish-e1687040102774.jpg,20251211T080000Z,greanvillepost.com,United States,English,pending,,2025-12-11T12:23:41.497862
Oxfordshire author wins award for historical thriller,https://www.thisisoxfordshire.co.uk/news/25687744.oxfordshire-author-wins-award-historical-thriller/,,https://www.thisisoxfordshire.co.uk/resources/images/20303168.jpg?type=og-image,20251211T080000Z,thisisoxfordshire.co.uk,United Kingdom,English,pending,,2025-12-11T12:23:41.508863
"The AI Boom : Hype , Power and the Coming Reckoning",https://www.counterpunch.org/2025/12/11/the-ai-boom-hype-power-and-the-coming-reckoning/,,https://www.counterpunch.org/wp-content/uploads/2025/12/Screenshot-2025-12-10-at-4.29.06-PM-1067x630.png,20251211T080000Z,counterpunch.org,United States,English,pending,,2025-12-11T12:23:41.519863
We Need to Know How Corporate Democrats Made President Trump Possible,https://www.counterpunch.org/2025/12/11/we-need-to-know-how-corporate-democrats-made-president-trump-possible/,,https://www.counterpunch.org/wp-content/uploads/2025/12/Donald_Trump_and_Hillary_Clinton_during_United_States_presidential_election_2016.jpg,20251211T080000Z,counterpunch.org,United States,English,pending,,2025-12-11T12:23:41.532862
Record flooding threatens Washington as more heavy rain pounds the Northwest,https://www.messenger-inquirer.com/news/national/record-flooding-threatens-washington-as-more-heavy-rain-pounds-the-northwest/article_c0ed2055-bc21-5a7d-b4bc-4f664e5d56b4.html,,https://bloximages.chicago2.vip.townnews.com/messenger-inquirer.com/content/tncms/assets/v3/editorial/6/07/60756dbd-988d-5ea9-a4cc-23303495c85f/693a4c86b760a.image.jpg?crop=1752%2C920%2C0%2C131,20251211T074500Z,messenger-inquirer.com,United States,English,pending,,2025-12-11T12:23:41.547862
Biden IGNORED warning about  chaos  at the southern border – NaturalNews . com,https://www.naturalnews.com/2025-12-10-biden-ignored-warning-about-chaos-southern-border.html,,https://www.naturalnews.com/wp-content/uploads/sites/91/2025/12/Joe-Biden-Confused-Church-Sermon.jpg,20251211T074500Z,naturalnews.com,United States,English,pending,,2025-12-11T12:23:41.563863
"Climate Change Supercharged $20 Billion Asia Floods , Study Finds",https://www.bloomberg.com:443/news/articles/2025-12-10/climate-change-supercharged-20-billion-asia-floods-study-finds,,https://assets.bwbx.io/images/users/iqjWHBFdfxIU/iwA41kvviMWo/v0/1200x800.jpg,20251211T074500Z,bloomberg.com,United States,English,pending,,2025-12-11T12:23:41.576862
Final Results | Company Announcement,https://www.investegate.co.uk/announcement/rns/rws-holdings--rws/final-results/9289229,,,20251211T074500Z,investegate.co.uk,United Kingdom,English,pending,,2025-12-11T12:23:41.584862
Preliminary audited results for the year 30 / 09 / 25 | Company Announcement,https://www.investegate.co.uk/announcement/rns/ncc-group--ncc/preliminary-audited-results-for-the-year-30-09-25/9289259,,,20251211T074500Z,investegate.co.uk,United Kingdom,English,pending,,2025-12-11T12:23:41.599862
Amazon to pay 510 million euros to settle tax probe in Italy,https://www.aol.com/articles/amazon-pay-around-500-million-155815523.html,,https://media.zenfs.com/en/reuters.com/f7986147c00a8f57a274fb0938305e41,20251211T074500Z,aol.com,United States,English,pending,,2025-12-11T12:23:41.629862
Dear UNESCO : Hands Off Okefenokee Swamp,https://townhall.com/columnists/gabriellahoffman/2025/12/11/dear-unesco-hands-off-okefenokee-swamp-n2667688,,https://media.townhall.com/cdn/hodl/2018/187/31a73493-87eb-4be6-a675-6e1a0c042ad0.jpg,20251211T071500Z,townhall.com,United States,English,pending,,2025-12-11T12:23:41.641863
Chalfont St Peter resident angry over missing bin collection,https://www.bucksfreepress.co.uk/news/25687184.chalfont-st-peter-resident-angry-missing-bin-collection/,,https://www.bucksfreepress.co.uk/resources/images/20302287.jpg?type=og-image,20251211T070000Z,bucksfreepress.co.uk,United Kingdom,English,pending,,2025-12-11T12:23:41.655863
"Bottled Water Isnt as Pure as You Might Think , Expert Warns",https://www.sciencealert.com/bottled-water-isnt-as-pure-as-you-might-think-expert-warns,,https://www.sciencealert.com/images/2025/12/Drinking-Bottled-Water-On-Sunny-Day-.jpg,20251211T063000Z,sciencealert.com,United States,English,pending,,2025-12-11T12:23:41.670863
UNEA7 : Advancing sustainable solutions for a resilient planet,https://www.cgiar.org/news/2025/12/unea7-advancing-sustainable-solutions-resilient-planet,,https://www.cgiar.org/sites/g/files/fvypus371/files/styles/ogimage_1200x630/public/2025-12/WhatsApp%20Image%202025-12-04%20at%209.29.58%20AM%20%281%29.jpeg.webp?itok=Cb5Fmvsw,20251211T063000Z,cgiar.org,United States,English,pending,,2025-12-11T12:23:41.685863
Industry Assistant Professor - Announcements,https://www.e-flux.com/announcements/6785202/industry-assistant-professor,,https://images.e-flux.com/test/178b8f1d-9e5b-45d7-ba7f-afdf14292884,20251211T061500Z,e-flux.com,United States,English,pending,,2025-12-11T12:23:41.697863
Kan . lawmakers help House pass $900 billion defense policy bill,https://littleapplepost.com/posts/4b32e8c2-4e9a-4e11-be6d-a11b649fec6a,,https://media.eaglewebservices.com/public/2025/9/1757124469009.png,20251211T061500Z,littleapplepost.com,United States,English,pending,,2025-12-11T12:23:41.714865
Japan  megaquake  warning highlights Cascadia concerns on West Coast,https://ktvz.com/news/earthquake/2025/12/10/japan-megaquake-warning-highlights-cascadia-concerns-on-west-coast/,,https://ktvz.b-cdn.net/2025/12/pkg.00_01_30_01.Still001-860x484.jpg,20251211T061500Z,ktvz.com,United States,English,pending,,2025-12-11T12:23:41.732863
500 MPH Storm,https://www.tvguide.co.uk/schedule/13358fa3-bcd5-5983-b959-216e65625f12/500-mph-storm,,https://tv.assets.pressassociation.io/a60a7756-3613-5bc0-b876-ffd346dc939a.jpg,20251211T061500Z,tvguide.co.uk,United Kingdom,English,pending,,2025-12-11T12:23:41.736866
How to rock the boat for a safer airbag for your car,https://www.wfaa.com/article/money/business/right-on-the-money/how-to-rock-boat-for-safer-airbag-for-your-car/287-604c6013-8c63-4b2e-8854-7bb4c8cc6e8d,,https://media.wfaa.com/assets/WFAA/images/bb7a6a2c-e977-4d9c-ad89-291e23b92d67/20251211T042632/bb7a6a2c-e977-4d9c-ad89-291e23b92d67_1140x641.jpg,20251211T054500Z,wfaa.com,United States,English,pending,,2025-12-11T12:23:41.751864
"Bill to raise troop pay passes in House | News , Sports , Jobs",https://www.vindy.com/news/national-news/2025/12/bill-to-raise-troop-pay-passes-in-house/,,https://www.vindy.com/wp-content/themes/coreV3_lazy_vindycustom/images/vindicatorfb.jpg,20251211T054500Z,vindy.com,United States,English,pending,,2025-12-11T12:23:41.768863
Funds raised for charity by collecting empty can ring pulls,https://www.newsandstar.co.uk/news/25687387.funds-raised-charity-collecting-empty-can-ring-pulls/,,https://www.newsandstar.co.uk/resources/images/20302665.jpg?type=og-image,20251211T054500Z,newsandstar.co.uk,United Kingdom,English,pending,,2025-12-11T12:23:41.784864
"The gang running this town | News , Sports , Jobs",https://www.vindy.com/opinion/editorials/2025/12/the-gang-running-this-town/,,https://www.vindy.com/wp-content/themes/coreV3_lazy_vindycustom/images/vindicatorfb.jpg,20251211T054500Z,vindy.com,United States,English,pending,,2025-12-11T12:23:41.798866
Canary Islands may be  missing link  in global sea urchin killer pandemic,https://phys.org/news/2025-12-canary-islands-link-global-sea.html,,https://scx2.b-cdn.net/gfx/news/hires/2025/pandemic-beneath-the-s.jpg,20251211T053000Z,phys.org,United States,English,pending,,2025-12-11T12:23:41.819865
More hurricane recovery assistance underway for Manatee Co . homeowners,https://www.mysuncoast.com/2025/12/11/more-hurricane-recovery-assistance-underway-manatee-co-homeowners/,https://www.mysuncoast.com/2025/12/11/more-hurricane-recovery-assistance-underway-manatee-co-homeowners/?outputType=amp,https://gray-wwsb-prod.gtv-cdn.com/resizer/v2/YBC7V3TUMNABNBSF7EPVOXWVNQ.png?auth=0290ec14fd0f3010dbcb58f8bf0a5e3be8be4adacc41efc4a0d1936aba18584a&smart=true,20251211T053000Z,mysuncoast.com,United States,English,pending,,2025-12-11T12:23:41.838865
House passes defense bill to raise troop pay and overhaul weapons purchases,https://www.wyomingnews.com/news/from_the_wire/house-passes-defense-bill-to-raise-troop-pay-and-overhaul-weapons-purchases/article_cd26d976-3fa1-5fec-a985-52397c156bfe.html,,https://bloximages.chicago2.vip.townnews.com/wyomingnews.com/content/tncms/assets/v3/editorial/c/47/c4777417-cb52-59f1-b8ee-fb32a79d498d/6939fbf749764.image.jpg?crop=1763%2C926%2C0%2C124,20251211T053000Z,wyomingnews.com,United States,English,pending,,2025-12-11T12:23:41.859863
Yorkshire out of drought season after months of low rainfall,https://www.keighleynews.co.uk/news/25688342.yorkshire-drought-season-months-low-rainfall/,,https://www.keighleynews.co.uk/resources/images/20304071.jpg?type=og-image&xType=0&yType=90,20251211T053000Z,keighleynews.co.uk,United Kingdom,English,pending,,2025-12-11T12:23:41.877865
Unpublished TIME cover suggests AI leaders may be named Person of the Year,https://bnonews.com/index.php/2025/12/unpublished-time-cover-suggests-ai-leaders-may-be-named-person-of-the-year/,,https://bnonews.com/wp-content/uploads/2025/12/20251210TimePersonOfTheYear.jpg,20251211T053000Z,bnonews.com,United States,English,pending,,2025-12-11T12:23:41.897863
Rural Stryker man receives first radio spirit memorial award,https://www.bryantimes.com/news/rural-stryker-man-receives-first-radio-spirit-memorial-award/article_4aefefb6-26de-4f28-93f7-a6a19b4dedaf.html,,https://bloximages.chicago2.vip.townnews.com/bryantimes.com/content/tncms/assets/v3/editorial/3/5e/35e1c2b2-f618-4bce-9de2-dc37d24bb304/69398602ae421.image.jpg?crop=1162%2C610%2C0%2C586,20251211T051500Z,bryantimes.com,United States,English,pending,,2025-12-11T12:23:41.915863
Microsoft Invests $17 . 5 Billion In India AI Future,https://97rockonline.com/ixp/1135/p/seattle-microsoft-investment-india/,,https://townsquare.media/site/1135/files/2025/12/attachment-gettyimages-2159867287-1.jpg?&format=natural,20251211T051500Z,97rockonline.com,United States,English,pending,,2025-12-11T12:23:41.931865
AI $400 bn problem : Are chips getting old too fast ? ,https://www.spacedaily.com/afp/251211012108.nxsqrvrj.html,,,20251211T051500Z,spacedaily.com,United States,English,pending,,2025-12-11T12:23:41.948863
"Branham : Yes , humans are the culprit of climate change",https://www.aspentimes.com/news/branham-yes-humans-are-the-culprit-of-climate-change/,,https://swiftmedia.s3.amazonaws.com/mountain.swiftcom.com/images/sites/5/2025/06/18143726/Lindsay-Branham-1024x683.jpg,20251211T050000Z,aspentimes.com,United States,English,pending,,2025-12-11T12:23:41.966865
Zuckerberg Eyes Metaverse Cuts : Why META Is Rightfully Rallying,https://finance.yahoo.com/news/zuckerberg-eyes-metaverse-cuts-why-164200264.html,,https://media.zenfs.com/en/marketbeat_955/aa1db420e4c54fa70192c921a75c58dd,20251211T044500Z,finance.yahoo.com,United States,English,pending,,2025-12-11T12:23:41.984863
Column : Florida dreaded hurricane season that wasnt | Opinion,https://www.tbnweekly.com/opinion/article_a72a0a31-89b5-41fe-8aa7-af711a8199e5.html,,https://bloximages.newyork1.vip.townnews.com/tbnweekly.com/content/tncms/assets/v3/editorial/1/99/19913519-9b2b-4f9a-8862-89c7383573d7/693a190f32051.image.jpg?crop=1080%2C567%2C0%2C76,20251211T044500Z,tbnweekly.com,United States,English,pending,,2025-12-11T12:23:42.020863
"Climate change puts riverbed microbes under constant stress , study finds",https://phys.org/news/2025-12-climate-riverbed-microbes-constant-stress.html,,https://scx2.b-cdn.net/gfx/news/hires/2025/international-study-un.jpg,20251211T044500Z,phys.org,United States,English,pending,,2025-12-11T12:23:42.043862
The AI Company Of The Future - Shelbyville Times - Gazette,"http://www.t-g.com/premium/napsnet/stories/the-ai-company-of-the-future,198826",,https://alpha.creativecirclecdn.com/sponsoredverticals/original/20251210-120354-350-20250717-090644-aa8-phpkmdka5.jpg,20251211T044500Z,t-g.com,United States,English,pending,,2025-12-11T12:23:42.062862
New report highlights positive impact of rewilding project on people and nature,https://phys.org/news/2025-12-highlights-positive-impact-rewilding-people.html,,https://scx2.b-cdn.net/gfx/news/2025/new-report-highlights.jpg,20251211T044500Z,phys.org,United States,English,pending,,2025-12-11T12:23:42.088863
A new  hypertropical  climate is emerging in the Amazon,https://news.berkeley.edu/2025/12/10/a-new-hypertropical-climate-is-emerging-in-the-amazon/,,https://news.berkeley.edu/wp-content/uploads/2025/12/amazon-crop-scaled.jpg,20251211T044500Z,news.berkeley.edu,United States,English,pending,,2025-12-11T12:23:42.107862
"Rep . Julia Letlow , other Louisiana lawmakers introduce bill to protect National Flood Insurance Program",https://www.knoe.com/2025/12/11/rep-julia-letlow-other-louisiana-lawmakers-introduce-bill-protect-national-flood-insurance-program/,,https://gray-knoe-prod.gtv-cdn.com/resizer/v2/VHBKSIHQB5BOXEP6E7546HKNGY.jpg?auth=9a84a0dc2077d5041e41e71b121722fc2cca22d8de38031b76f14201891263e3&smart=true,20251211T044500Z,knoe.com,United States,English,pending,,2025-12-11T12:23:42.140863
Around town : North Pinellas news briefs,https://www.tbnweekly.com/north_county/article_62856eec-1771-4598-892e-122d69798cbf.html,,https://bloximages.newyork1.vip.townnews.com/tbnweekly.com/content/tncms/custom/image/0d0c4cec-401e-11ee-9ed5-93be33cfa832.png,20251211T044500Z,tbnweekly.com,United States,English,pending,,2025-12-11T12:23:42.156862
"Michigan , Michigan State trending in opposite directions after Sherrone Moore firing",https://spartanavenue.com/michigan-michigan-state-trending-in-opposite-directions-after-sherrone-moore-firing-01kc5b90ecpz,,"https://images2.minutemediacdn.com/image/upload/c_crop,x_0,y_147,w_4812,h_2706/c_fill,w_1440,ar_1440:810,f_auto,q_auto,g_auto/images/ImagnImages/mmsport/137/01kc5bk7vtxh6g3ts467.jpg",20251211T043000Z,spartanavenue.com,United States,English,pending,,2025-12-11T12:23:42.183862
"Despite opposition , US House passes record $901bn defence spending bill | Military News",https://www.aljazeera.com/news/2025/12/11/despite-opposition-us-house-passes-record-901bn-defence-spending-bill,https://www.aljazeera.com/amp/news/2025/12/11/despite-opposition-us-house-passes-record-901bn-defence-spending-bill,https://www.aljazeera.com/wp-content/uploads/2025/12/AP25344582937584-1765414909_5b984b-1765422875.jpg,20251211T041500Z,aljazeera.com,United States,English,pending,,2025-12-11T12:23:42.212862
Rescued Kemp ridley sea turtles on the mend at Keys turtle hospital,https://www.wlrn.org/environment/2025-12-10/kemps-ridley-sea-turtles-rescue,,http://npr-brightspot.s3.amazonaws.com/09/36/f1e847d04d09baf5ed8543afc18c/keyscoldstunturtles04.JPEG,20251211T041500Z,wlrn.org,United States,English,pending,,2025-12-11T12:23:42.237862
Nolte : Mark Zuckerberg $300M Yacht Proves He Not Worried About Climate Doom,https://www.breitbart.com/politics/2025/12/10/nolte-mark-zuckerbergs-300m-yacht-proves-hes-not-worried-about-climate-change/,https://www.breitbart.com/environment/2025/12/10/nolte-mark-zuckerbergs-300m-yacht-proves-hes-not-worried-about-climate-change/amp/,https://media.breitbart.com/media/2025/12/GettyImages-2190858040-640x335.png,20251211T041500Z,breitbart.com,United States,English,pending,,2025-12-11T12:23:42.263863
"Attorneys General warn Apple , other tech firms about harmful AI",https://9to5mac.com/2025/12/10/attorneys-general-warn-apple-other-tech-firms-about-harmful-ai/,,https://i0.wp.com/9to5mac.com/wp-content/uploads/sites/6/2025/06/Meta-AI-app-a-privacy-disaster-as-chats-inadvertently-made-public.jpg,20251211T041500Z,9to5mac.com,United States,English,pending,,2025-12-11T12:23:42.292862
How are humans changing the Arctic Ocean ? ,https://phys.org/news/2025-12-humans-arctic-ocean.html,,https://scx2.b-cdn.net/gfx/news/hires/2025/how-are-humans-changin.jpg,20251211T041500Z,phys.org,United States,English,pending,,2025-12-11T12:23:42.310863
  I Didnt Think I Would Last : Ryan Coogler Talks Career Concerns And How Chadwick Boseman Death Affected His Perspective,https://www.cinemablend.com/movies/i-didnt-think-i-would-last-ryan-coogler-talks-career-concerns-chadwick-boseman-death-affected-perspective,,https://cdn.mos.cms.futurecdn.net/WDqgHLaLFMdmm7ZdEwGhvh-1280-80.jpg,20251211T040000Z,cinemablend.com,United States,English,pending,,2025-12-11T12:23:42.351862
Trump Administration Seeks to Prevent ICC From Investigating U . S . Officials,https://foreignpolicy.com/2025/12/10/trump-icc-sanctions-hegseth-war-crimes-boat-strike-afghanistan-israel-netanyahu/?tpcc=recirc_trending062921,,https://foreignpolicy.com/wp-content/uploads/2025/12/TrumpICC-GettyImages-2204462728.jpg,20251211T040000Z,foreignpolicy.com,United States,English,pending,,2025-12-11T12:23:42.381866
  Not normal : Climate crisis supercharged deadly monsoon floods in Asia | Climate crisis,https://www.theguardian.com/environment/2025/dec/11/climate-crisis-made-monsoon-floods-asia-worse-study,,"https://i.guim.co.uk/img/media/784fd1b54122d7a95c2a7f68d0faf52267d58424/307_0_3055_2445/master/3055.jpg?&quality=85&auto=format&fit=crop&precrop=40:21,offset-x50,offset-y0&overlay-align=bottom%2Cleft&overlay-width=100p&overlay-base64=L2ltZy9zdGF0aWMvb3ZlcmxheXMvdGctZGVmYXVsdC5wbmc&enable=upscale&s=7add0ed27071c4a185a098280277f3ee",20251211T040000Z,theguardian.com,United Kingdom,English,pending,,2025-12-11T12:23:42.418823
Jo Joyner talks about starring in  Little Disaster on Paramount+,https://www.digitaljournal.com/entertainment/jo-joyner-talks-about-starring-in-little-disasters-on-paramount/article,,https://www.digitaljournal.com/wp-content/uploads/2025/12/LD_104_040624_GNK7698-1024x576.jpg,20251211T034500Z,digitaljournal.com,United States,English,pending,,2025-12-11T12:23:42.445234
  Historic  flooding prompts WA governor to declare emergency,https://www.spokanepublicradio.org/regional-news/2025-12-10/historic-flooding-prompts-wa-governor-to-declare-emergency,https://www.spokanepublicradio.org/regional-news/2025-12-10/historic-flooding-prompts-wa-governor-to-declare-emergency?_amp=true,http://npr-brightspot.s3.amazonaws.com/48/da/40763989402e9a08e48f30db6ed7/flooding-skagit-county.jpg,20251211T034500Z,spokanepublicradio.org,United States,English,pending,,2025-12-11T12:23:42.469430
Retired Oregon professor uses baby crabs to predict commercial harvest 4 years in advance,https://www.kgw.com/article/tech/science/environment/baby-crabs-retired-oregon-professor-predict-oregon-commercial-dungeness-harvest/283-2c9e58ff-7f83-42ec-9fc6-8d0414f2117e,,https://media.kgw.com/assets/KGW/images/a6086023-2861-45dd-bd1f-0736df3fe4d2/20251211T002852/a6086023-2861-45dd-bd1f-0736df3fe4d2_1140x641.jpg,20251211T034500Z,kgw.com,United States,English,pending,,2025-12-11T12:23:42.504178
FY26 NDAA : Rebuilding American Power Through President Trump Peace Through Strength Agenda,https://www.speaker.gov/2025/12/10/fy26-ndaa-rebuilding-american-power-through-president-trumps-peace-through-strength-agenda/,,https://www.speaker.gov/wp-content/uploads/2024/11/Speaker-Mike-Johnson-e1732320062739.jpg,20251211T033000Z,speaker.gov,United States,English,pending,,2025-12-11T12:23:42.537910
Ferguson Township Supervisors Approve Preliminary Plan for Wawa Along North Atherton Street,https://www.statecollege.com/articles/business/ferguson-township-supervisors-approve-preliminary-plan-for-wawa-along-north-atherton-street/,,https://www.statecollege.com/wp-content/uploads/2025/12/wawa-atherton-aaron-scaled.jpeg,20251211T033000Z,statecollege.com,United States,English,pending,,2025-12-11T12:23:42.572135
In your opinion : Hochul is retreating from clean energy,https://www.thedailystar.com/opinion/letters_to_the_editor/in-your-opinion-hochul-is-retreating-from-clean-energy/article_5b45b295-1265-46c1-ab92-7ceac9aeaf9e.html,,https://bloximages.chicago2.vip.townnews.com/thedailystar.com/content/tncms/custom/image/92f1582e-87ef-11e5-a2da-9f4edc3f51e5.jpg,20251211T033000Z,thedailystar.com,United States,English,pending,,2025-12-11T12:23:42.596521
Trump targets non - white immigrants in renewed xenophobic rants,https://www.myleaderpaper.com/news/national/trump-targets-non-white-immigrants-in-renewed-xenophobic-rants/article_d9af33fe-f8ca-500b-bbdb-84e76ee4e62f.html,,https://bloximages.newyork1.vip.townnews.com/myleaderpaper.com/content/tncms/assets/v3/editorial/f/5f/f5fd6aa0-2f21-588b-9354-f38a929af628/693a29764da6c.image.jpg?crop=341%2C341%2C85%2C0,20251211T031500Z,myleaderpaper.com,United States,English,pending,,2025-12-11T12:23:42.623595
Year in Review : Here are the academic changes Penn made in 2025,https://www.thedp.com/article/2025/12/penn-finals-issue-2025-academic-administrative-changes,,https://snworksceo.imgix.net/dpn/772c78d9-8114-4176-bc12-585d55408ede.sized-1000x1000.jpg,20251211T031500Z,thedp.com,United States,English,pending,,2025-12-11T12:23:42.650508
House passes sweeping defense policy bill amid tensions between Trump and Congress,https://www.independent.co.uk/news/world/americas/us-politics/house-defense-bill-military-pay-increase-trump-b2882262.html,,https://static.independent.co.uk/2025/12/10/22/US_Australia_Britain_Hegseth_22843.jpg?&crop=1200:800,20251211T031500Z,independent.co.uk,United Kingdom,English,pending,,2025-12-11T12:23:42.683527
Blend of unusual weather conditions brings trillions of gallons in persistent rain to the Northwest,https://www.nvdaily.com/associated_press_national/blend-of-unusual-weather-conditions-brings-trillions-of-gallons-in-persistent-rain-to-the-northwest/article_c0393f1b-0558-56fe-945f-bafb6470282e.html,,https://bloximages.newyork1.vip.townnews.com/nvdaily.com/content/tncms/assets/v3/editorial/3/e3/3e3732e0-ab3a-505d-b796-4dd94543c25f/693a03ac5e87f.image.jpg?crop=1711%2C898%2C0%2C156,20251211T031500Z,nvdaily.com,United States,English,pending,,2025-12-11T12:23:42.723527
First of 30 oil lease sales planned for Gulf of Mexico draws $279 million in bids from companies,https://www.paradisepost.com/2025/12/10/trump-oil-lease-sale/,,https://www.paradisepost.com/wp-content/uploads/2025/12/Trump-Oil_Lease_Sale_63364-1.jpg,20251211T031500Z,paradisepost.com,United States,English,pending,,2025-12-11T12:23:42.761527
Sen . Padilla calls Democratic immigration stance  bull ---- in criticism,https://www.foxnews.com/media/democratic-senator-calls-out-party-bull-caving-secure-border-talk,https://www.foxnews.com/media/democratic-senator-calls-out-party-bull-caving-secure-border-talk.amp,https://static.foxnews.com/foxnews.com/content/uploads/2025/06/alex-padilla-press.jpg,20251211T031500Z,foxnews.com,United States,English,pending,,2025-12-11T12:23:42.790509
5 Of The Most Anticipated Gadgets Expected To Release In 2026,https://www.slashgear.com/2047164/gadgets-2026-most-anticipated-expected-to-release/,,https://www.slashgear.com/img/gallery/5-of-the-most-anticipated-gadgets-expected-to-release-in-2026/l-intro-1765284788.jpg,20251211T031500Z,slashgear.com,United States,English,pending,,2025-12-11T12:23:42.815520
  Ella McCay  review : James L . Brook new comedy is blandly pleasant | A & E,https://www.unionleader.com/nh/arts_and_ent/ella-mccay-review-james-l-brooks-new-comedy-is-blandly-pleasant/article_f970b7b2-116e-4989-b8a2-5ab12d48d5d9.html,https://www.unionleader.com/nh/arts_and_ent/ella-mccay-review-james-l-brooks-new-comedy-is-blandly-pleasant/article_f970b7b2-116e-4989-b8a2-5ab12d48d5d9.amp.html,https://bloximages.newyork1.vip.townnews.com/unionleader.com/content/tncms/assets/v3/editorial/7/b6/7b6bf926-3bf5-4ef4-a2ad-8ccb619131d1/6939f75d10338.image.jpg?crop=1919%2C1007%2C0%2C36,20251211T031500Z,unionleader.com,United States,English,pending,,2025-12-11T12:23:42.850526
Lithium mining exploration project in southeast Oregon gets federal approval,https://www.klcc.org/environment/2025-12-10/lithium-mining-exploration-project-in-southeast-oregon-gets-federal-approval,,https://opb-opb-prod.cdn.arcpublishing.com/resizer/v2/TSTLW6ZOGNBCPODCK5COI7XEKM.jpg?auth=08b8c0d527b51ed46d7f9b94dedc7662187f3f7345ade323551ac3d7f7f9b40e,20251211T031500Z,klcc.org,United States,English,pending,,2025-12-11T12:23:42.891505
The ageless Judy Collins performs in Plymouth on Dec . 18,https://www.unionleader.com/nh/arts_and_ent/the-ageless-judy-collins-performs-in-plymouth-on-dec-18/article_e9ca5184-6dd9-4c1b-b111-9c5281e5fd6d.html,https://www.unionleader.com/nh/arts_and_ent/the-ageless-judy-collins-performs-in-plymouth-on-dec-18/article_e9ca5184-6dd9-4c1b-b111-9c5281e5fd6d.amp.html,https://bloximages.newyork1.vip.townnews.com/unionleader.com/content/tncms/assets/v3/editorial/d/72/d7258b96-e96e-4ec9-a89e-7502666536c5/69389b0cd2a1d.image.jpg?crop=1558%2C818%2C0%2C256,20251211T031500Z,unionleader.com,United States,English,pending,,2025-12-11T12:23:42.918505
"House passes defense bill to set Pentagon budget , raise troop pay",https://www.wokv.com/news/politics/house-is-voting/ERHKBXOYHQ5APMFIGDTVR2NNUE/,https://www.wokv.com/news/politics/house-is-voting/ERHKBXOYHQ5APMFIGDTVR2NNUE/?outputType=amp,https://cmg-cmg-rd-20056-prod.cdn.arcpublishing.com/resizer/v2/https%3A%2F%2Fcloudfront-us-east-1.images.arcpublishing.com%2Fcmg%2FCBSJMKMZCQ2LFO6FMWZXVPOXAU.jpg?auth=48cdfc99fb02a93d08238fcfbddfa4eee93b4945cd82fd66528b01254d52dd84&smart=true,20251211T031500Z,wokv.com,United States,English,pending,,2025-12-11T12:23:42.951504
"Dirty Little Secret - A Luxury Car , A Big Scratch … and an Even Bigger Lie | 96 . 7 KISS FM",https://967kissfm.iheart.com/featured/the-jubal-show/content/2025-12-10-1119-the-jubal-show-on-demand-dirty-little-secret-a-luxury-car-a-big-scratc/,,"https://i.iheart.com/v3/url/aHR0cHM6Ly93d3cub21ueWNvbnRlbnQuY29tL2QvcGxheWxpc3QvZTczYzk5OGUtNmU2MC00MzJmLTg2MTAtYWUyMTAxNDBjNWIxL2NhODIxMjdjLTkyODktNGFiNy05MTA3LWIwNTQwMTM1NjIxOS83M2UzNTRhZC05Y2M5LTRmMzItYjg4Zi1iMDU0MDEzNTYyNjQvaW1hZ2UuanBnP3Q9MTcxOTk2NjY1MyZzaXplPUxhcmdl?stay=1&ops=dup(),gravity(%22center%22),resizei(1200,675),blur(50),swap(),boxmerge(%22over%22,%22top:0px,bottom:0px%22),contain(0,675)",20251211T031500Z,967kissfm.iheart.com,United States,English,pending,,2025-12-11T12:23:42.992506
Hampton couple running Jamaican relief from their home,https://www.unionleader.com/news/human_interest/hampton-couple-running-jamaican-relief-from-their-home/article_3117dbda-cb8d-407c-91b8-4bb1acd6ecff.html,https://www.unionleader.com/news/human_interest/hampton-couple-running-jamaican-relief-from-their-home/article_3117dbda-cb8d-407c-91b8-4bb1acd6ecff.amp.html,https://bloximages.newyork1.vip.townnews.com/unionleader.com/content/tncms/assets/v3/editorial/c/8e/c8e4ed8f-e908-494b-87d0-c42965fef74a/6939dd82cf9b3.image.jpg?crop=1662%2C873%2C0%2C187,20251211T031500Z,unionleader.com,United States,English,pending,,2025-12-11T12:23:43.018504
Long Beach exploring new emergency alert system after Alert LB taken offline due to cyberattack,https://www.presstelegram.com/2025/12/10/long-beach-exploring-new-emergency-alert-system-after-alert-lb-taken-offline-due-to-cyberattack/,https://www.presstelegram.com/2025/12/10/long-beach-exploring-new-emergency-alert-system-after-alert-lb-taken-offline-due-to-cyberattack/amp/,https://www.presstelegram.com/wp-content/uploads/2024/09/LPT-L-EARTHQUAKE-EXP-16x9-1.jpg,20251211T031500Z,presstelegram.com,United States,English,pending,,2025-12-11T12:23:43.061505
10 Reasons That We Still Havent Found Aliens,https://listverse.com/2014/09/30/10-reasons-that-we-still-havent-found-aliens/,,https://listverse.com/wp-content/uploads/2014/10/041.jpg,20251211T031500Z,listverse.com,United States,English,pending,,2025-12-11T12:23:43.085505
ACA tax credits are set to expire . What is Maine congressional delegation doing ? ,https://www.pressherald.com/2025/12/10/maines-congressional-delegation-pressing-for-aca-tax-credit-compromise-3/,,,20251211T031500Z,pressherald.com,United States,English,pending,,2025-12-11T12:23:43.127504
Trump FEMA council to recommend dramatic downsizing and overhaul – but not elimination – of the agency,https://us.cnn.com/2025/12/10/politics/fema-council-report-recommend-downsizing-overhaul,,"https://media.cnn.com/api/v1/images/stellar/prod/gettyimages-2193815121.jpg?c=16x9&q=w_800,c_fill",20251211T031500Z,us.cnn.com,United States,English,pending,,2025-12-11T12:23:43.173504
"Maharashtra : Massive fire at factory in MIDC brought under control in Jalgaon , no casualties reported",http://www.bignewsnetwork.com/news/278748467/maharashtra-massive-fire-at-factory-in-midc-brought-under-control-in-jalgaon-no-casualties-reported,,https://image.chitra.live/api/v1/wps/1261278/67ef6ff9-43af-4d97-9f47-246d9aa466f6/0/ANI-20251211010844-600x315.jpg,20251211T030000Z,bignewsnetwork.com,United States,English,pending,,2025-12-11T12:23:43.221504
Only Fools and Horses,https://www.tvguide.co.uk/schedule/a011976d-9cfd-515e-ade5-0656f8b77e73/only-fools-and-horses,,https://tv.assets.pressassociation.io/aaae69f3-2163-59a8-b72e-20d76b7b8313.jpg,20251211T030000Z,tvguide.co.uk,United Kingdom,English,pending,,2025-12-11T12:23:43.234504
The Coca - Cola Company Announces CEO Succession Plan ; Chief Operating Officer Henrique Braun to Succe,https://www.pharmiweb.com/press-release/2025-12-11/the-coca-cola-company-announces-ceo-succession-plan-chief-operating-officer-henrique-braun-to-succe,,https://cdn.pharmiweb.com/media/1024/1200x448-pwjobs.png,20251211T024500Z,pharmiweb.com,United States,English,pending,,2025-12-11T12:23:43.282504
AI leaders warn of  catastrophic outcomes  as artificial general intelligence looms – NaturalNews . com,https://www.naturalnews.com/2025-12-10-ai-leaders-warn-catastrophic-outcomes-agi-looms.html,,https://www.naturalnews.com/wp-content/uploads/sites/91/2025/12/AI-Artificial-Intelligence-Angry-Emotion.jpg,20251211T024500Z,naturalnews.com,United States,English,pending,,2025-12-11T12:23:43.334504
DAVID BLACKMON : Supremes Have Chance To End Climate Lawfare,https://dailycaller.com/2025/12/10/opinion-supremes-have-chance-to-end-climate-lawfare-david-blackmon/,,"https://images.dailycaller.com/image/width=1280,height=549,fit=cover,format=webp,f=auto/https://cdn01.dailycaller.com/wp-content/uploads/2025/09/GettyImages-81436293-scaled-e1757961654956.jpg",20251211T024500Z,dailycaller.com,United States,English,pending,,2025-12-11T12:23:43.364504
The clean water dividend : Organic farming cuts pollution while boosting yields – NaturalNews . com,https://www.naturalnews.com/2025-12-10-organic-farming-cuts-pollution-while-boosting-yields.html,,https://www.naturalnews.com/wp-content/uploads/sites/91/2025/12/Farmer-Coffee-Farm-Plantation-Field-African-People.jpg,20251211T024500Z,naturalnews.com,United States,English,pending,,2025-12-11T12:23:43.413506
  You shouldnt have to go broke  | Texans facing huge spikes in healthcare costs as deadline nears,https://www.wtsp.com/article/news/health/affordable-care-act-healthcare-costs/285-b439ebec-ed82-4358-a6d5-b8686a478392,,https://media.wtsp.com/assets/KHOU/images/86b19dd2-2d2c-4c18-9ac6-39730a314262/20251126T043857/86b19dd2-2d2c-4c18-9ac6-39730a314262_1140x641.jpg,20251211T024500Z,wtsp.com,United States,English,pending,,2025-12-11T12:23:43.470505
"EU actively preparing for direct WAR with Russia by 2030 , Hungarian PM Orban warns – NaturalNews . com",https://www.naturalnews.com/2025-12-10-orban-eu-actively-preparing-direct-war-russia.html,,https://www.naturalnews.com/wp-content/uploads/sites/91/2025/12/viktor-orban.jpg,20251211T024500Z,naturalnews.com,United States,English,pending,,2025-12-11T12:23:43.519504
"Owner of Milford bowling alley fraudulently spent pandemic relief funds to build a house , buy new vehicles , feds say",https://www.bostonglobe.com/2025/12/10/metro/owner-milford-bowling-alley-fraudulently-spent-pandemic-relief-funds-build-house-buy-new-vehicles-feds-say/,,,20251211T024500Z,bostonglobe.com,United States,English,pending,,2025-12-11T12:23:43.576504
Five climate trailblazers : UNEP 2025 Champions of the Earth Global Issues,https://www.globalissues.org/news/2025/12/10/41869,https://www.globalissues.org/amp/news/2025/12/10/41869,https://static.globalissues.org/globalissues.png,20251211T023000Z,globalissues.org,United States,English,pending,,2025-12-11T12:23:43.613504
"Lil Wayne Anger During Deposition , Could Derail Legal Defense Strategy",https://allhiphop.com/news/lil-wayne-anger-during-deposition-could-derail-legal-defense-strategy/,,https://i0.wp.com/allhiphop.com/wp-content/uploads/2024/05/Lil-Wayne-3.png?fit=1200%2C800&ssl=1,20251211T023000Z,allhiphop.com,United States,English,pending,,2025-12-11T12:23:43.671505
"  Prepare now , or pay much more later  leaders warn at Disaster Resilience Forum",https://www.wtma.com/2025/12/10/prepare-now-or-pay-much-more-later-leaders-warn-at-disaster-resilience-forum/,,https://abcnews4.com/resources/media2/16x9/532/986/0x3/90/1b1b01be-aced-432f-b3cc-e26c366c475c-Screenshot20251210132050.png,20251211T023000Z,wtma.com,United States,English,pending,,2025-12-11T12:23:43.719505
"What Is the Republican Plan to Address Obamacare , Health Care Concerns Before 2026",https://www.theroot.com/heres-the-truth-about-the-gops-real-plan-as-countdown-t-2000078593,,,20251211T021500Z,theroot.com,United States,English,pending,,2025-12-11T12:23:43.763504
The Latest : Trump says US has seized an oil tanker off the coast of Venezuela,https://www.goskagit.com/news/politics/the-latest-trump-says-us-has-seized-an-oil-tanker-off-the-coast-of-venezuela/article_4b9c29a1-4e82-55aa-95da-7be035d30759.html,,https://bloximages.chicago2.vip.townnews.com/goskagit.com/content/tncms/assets/v3/editorial/4/65/4659a66b-9b0d-53d9-b4d3-796f9ec544b7/6938dd1f237a5.image.jpg?crop=1763%2C926%2C0%2C124,20251211T021500Z,goskagit.com,United States,English,pending,,2025-12-11T12:23:43.809504
  Little Disaster Review : Diane Kruger in Paramount+ Mystery Series,https://www.hollywoodreporter.com/tv/tv-reviews/little-disasters-review-diane-kruger-paramount-mystery-1236445927/,,https://www.hollywoodreporter.com/wp-content/uploads/2025/02/FotoJet-2025-02-27T121147.530.jpg?&crop=1,20251211T021500Z,hollywoodreporter.com,United States,English,pending,,2025-12-11T12:23:43.849504
"UK : Great British Energy backs Scotland , Wales and Northern Ireland",https://www.energy-pedia.com/news/united-kingdom/great-british-energy-backs-scotland--wales-and-northern-ireland-202271,,,20251211T021500Z,energy-pedia.com,United Kingdom,English,pending,,2025-12-11T12:23:43.890505
Gov . Beshear announces statewide radio system for Mayfield first responders and beyond,https://www.wpsdlocal6.com/news/gov-beshear-announces-statewide-radio-system-for-mayfield-first-responders-and-beyond/article_32606f2a-2636-4190-891b-8f3ff5e520a9.html,,https://bloximages.newyork1.vip.townnews.com/wpsdlocal6.com/content/tncms/assets/v3/editorial/3/26/32606f2a-2636-4190-891b-8f3ff5e520a9/693a15c754342.preview.jpg?crop=1763%2C926%2C0%2C124,20251211T021500Z,wpsdlocal6.com,United States,English,pending,,2025-12-11T12:23:43.937505
Destiny 2 : Renegades Review - A Star Wars - Inspired Expansion Falls Short,https://hardcoregamer.com/review-destiny-2-renegades/,,https://static0.hardcoregamerimages.com/wordpress/wp-content/uploads/2025/12/destiny-2-renegades-featured.jpg?&fit=crop,20251211T021500Z,hardcoregamer.com,United States,English,pending,,2025-12-11T12:23:44.004505
"State announces nearly $50M in disaster recovery grants for housing , flood mitigation",https://www.rutlandherald.com/news/local/state-announces-nearly-50m-in-disaster-recovery-grants-for-housing-flood-mitigation/article_337b6235-98d0-57ec-a094-ce0823b1472c.html,,https://bloximages.chicago2.vip.townnews.com/rutlandherald.com/content/tncms/custom/image/21fa4cf2-cde4-11eb-949b-3b99a2a8f984.jpg,20251211T020000Z,rutlandherald.com,United States,English,pending,,2025-12-11T12:23:44.052504
Red Cross continues to provide support to Western North Carolina,https://wlos.com/news/local/american-red-cross-helene-recovery-grants-western-north-carolina-nonprofits-community-led-support-system-long-term-case-manager-officials-wnc,,https://wlos.com/resources/media2/16x9/1280/1320/center/90/83baa2f3-bb10-45ed-b738-df455f32619a-10_11HendoRedCrossopenHouseVSV.mxfframe2355.png,20251211T020000Z,wlos.com,United States,English,pending,,2025-12-11T12:23:44.091505
"Emma Mackey shines in  Ella McCay , a Political , Romantic Comedy That Tries Too Hard to Be Everything - REVIEW",https://www.ibtimes.com/emma-mackey-shines-ella-mccay-political-romantic-comedy-that-tries-too-hard-everything-3792336,,https://d.ibtimes.com/en/full/4636614/ella-mccay.jpg,20251211T020000Z,ibtimes.com,United States,English,pending,,2025-12-11T12:23:44.151504
Power restored for thousands in Mat - Su Valley after weekend storms,https://www.youralaskalink.com/news/local/power-restored-for-thousands-in-mat-su-valley-after-weekend-storms/article_40f70218-cc45-4c5a-ae36-6166e329aa6b.html,,https://bloximages.chicago2.vip.townnews.com/youralaskalink.com/content/tncms/assets/v3/editorial/4/0f/40f70218-cc45-4c5a-ae36-6166e329aa6b/6939f8fd5d9cb.preview.png?crop=1280%2C672%2C0%2C23,20251211T014500Z,youralaskalink.com,United States,English,pending,,2025-12-11T12:23:44.193504
"Rohrman Automotive Group Donates $77 , 200 to Support Families of Donor Heroes",https://www.wlfi.com/news/rohrman-automotive-group-donates-77-200-to-support-families-of-donor-heroes/article_da2b558d-a492-4d92-872d-74a3b1da7916.html,,https://bloximages.newyork1.vip.townnews.com/wlfi.com/content/tncms/assets/v3/editorial/b/67/b67d26ab-c602-543b-ad25-949326b2c04f/693a10ff128cc.image.jpg?crop=1280%2C672%2C0%2C23,20251211T014500Z,wlfi.com,United States,English,pending,,2025-12-11T12:23:44.239504
Bahamian sloop racing on the rise,https://www.sailingscuttlebutt.com/2025/12/10/bahamian-sloop-racing-on-the-rise/,,https://www.sailingscuttlebutt.com/wp-content/uploads/2025/12/B-Class.jpg,20251211T014500Z,sailingscuttlebutt.com,United States,English,pending,,2025-12-11T12:23:44.262505
HGTV Star Frank Cozzolino Cause of Death Revealed,https://www.usmagazine.com/celebrity-news/news/hgtv-star-frank-cozzolinos-cause-of-death-revealed/,,https://www.usmagazine.com/wp-content/uploads/2025/12/Frank-Cozzolino-39322755_2151787044895901_4339792439444242432_n.jpg?crop=0px%2C0px%2C1612px%2C846px,20251211T014500Z,usmagazine.com,United States,English,pending,,2025-12-11T12:23:44.293505
Berkeley County Seeks Public Input on Disaster Planning,https://www.berkeleyobserver.com/2025/12/10/berkeley-county-seeks-public-input-on-disaster-planning/,https://www.berkeleyobserver.com/2025/12/10/berkeley-county-seeks-public-input-on-disaster-planning/?amp=1,https://www.berkeleyobserver.com/wp-content/uploads/2016/10/short-stay-hurricane-matthew.jpg,20251211T014500Z,berkeleyobserver.com,United States,English,pending,,2025-12-11T12:23:44.326504
Here Are a Few Issues That Should Be Addressed in the Planned Executive Order on AI,https://redstate.com/jenvanlaar/2025/12/10/ai-executive-order-n2196965,,https://media.townhall.com/cdn/hodl/2023/264/d663869e-6905-474c-9914-e6c5bccf93d6.jpg,20251211T014500Z,redstate.com,United States,English,pending,,2025-12-11T12:23:44.376526
Southeast Asia Needs Strong Institutions for Growth,https://www.miragenews.com/southeast-asia-needs-strong-institutions-for-1587731/,,https://cdn1.miragenews.com/tmp_cache?cdn=cdn.pixabay.com%2Fphoto%2F2018%2F12%2F08%2F00%2F38%2Fflorence-3862664_640.jpg,20251211T014500Z,miragenews.com,United States,English,pending,,2025-12-11T12:23:44.408526
"NBC Whines COVID Not Unifying as 9 / 11 , Opposition Like Fighting Civil Rights",https://www.newsbusters.org/blogs/nb/nicholas-fondacaro/2021/09/12/nbc-whines-covid-not-unifying-911-opposition-fighting-civil,,https://cdn.newsbusters.org/styles/mobile_thumb_700x400_/s3/2021-09/2021-09-12-NBC-ST-Geist-Todd-Lament-COVID-Not-Unifying-Like-9-11-1.jpg?itok=fQQQ-Tgz,20251211T014500Z,newsbusters.org,United States,English,pending,,2025-12-11T12:23:44.454526
Commentary : Moving to a climate - disaster zone just to afford a home,https://itemlive.com/2025/12/10/commentary-moving-to-a-climate-disaster-zone-just-to-afford-a-home/,,https://itemlive.com/wp-content/uploads/2024/09/Guest-Commentary-1.jpg,20251211T014500Z,itemlive.com,United States,English,pending,,2025-12-11T12:23:44.523504
MacKenzie Scott has given $26B to nonprofits since 2019 . Here what she supported in 2025,https://thebusinessjournal.com/mackenzie-scott-has-given-26b-to-nonprofits-since-2019-heres-what-she-supported-in-2025/,,,20251211T014500Z,thebusinessjournal.com,United States,English,pending,,2025-12-11T12:23:44.576504
"Ocean warmed by climate change fed intense rainfall and deadly floods in Asia , study finds",https://www.the-messenger.com/news/world/article_76e48127-d5a0-5930-a896-6939bbd6e822.html,,https://bloximages.chicago2.vip.townnews.com/the-messenger.com/content/tncms/assets/v3/editorial/7/ae/7ae3c78a-d65d-5697-8441-dbc4d93a6919/6939e8b3c74da.image.jpg?crop=1763%2C926%2C0%2C124,20251211T014500Z,the-messenger.com,United States,English,pending,,2025-12-11T12:23:44.632505
Trump aides and allies float potential Noem successors as speculation grows over her tenure,https://www.yahoo.com/news/articles/trump-aides-allies-float-potential-105500011.html,,https://s.yimg.com/ny/api/res/1.2/hWT6opa3OnW_XlsLSbPshw--/YXBwaWQ9aGlnaGxhbmRlcjt3PTEyMDA7aD04MDA7Y2Y9d2VicA--/https://media.zenfs.com/en/politico_453/97585d0aa7f857458fe944f84c125d4a,20251211T014500Z,yahoo.com,United States,English,pending,,2025-12-11T12:23:44.693576
Tasmania Boosted by Major Antarctic Research Funding,https://www.miragenews.com/tasmania-boosted-by-major-antarctic-research-1587703/,,https://cdn1.miragenews.com/tmp_cache?cdn=images.unsplash.com%2Fphoto-1600657532447-08dfb96e486b%3Fixid%3DMnwxMjA3fDB8MHxwaG90by1wYWdlfHx8fGVufDB8fHx8%26amp%3Bixlib%3Drb-1.2.1%26amp%3Bauto%3Dformat%26amp%3Bfit%3Dcrop%26amp%3Bw%3D750%26amp%3Bq%3D80,20251211T013000Z,miragenews.com,United States,English,pending,,2025-12-11T12:23:44.730160
